block_type,pearson_r,p_value
S,-0.10524154972102799,1.7937377254384463e-06
X,0.09876623361720921,7.462167045721921e-06
O,0.08497963086009257,0.00011704249681859536
R,-0.08458197459017969,0.00012600020373553135
r,-0.04472703257475835,0.04287961635304236
C,-0.011947386453641613,0.5887624370895291
T,-0.006657892550737,0.7632098481463604
