{
  "metadata": {
    "timestamp": "2025-05-18_19-20-04",
    "r_squared": 0.149005898962856,
    "sample_size": 2050
  },
  "block_heaviness": {
    "C": 0.43950694768035353,
    "X": 0.46333865565620536,
    "O": 0.411258050860344,
    "S": 0.0986676619745318,
    "T": 0.3385506844739801,
    "R": 0.14501571900287197,
    "r": 0.21771906509296118
  },
  "p_values": {
    "C": 0.0,
    "X": 0.0,
    "O": 0.0,
    "S": 0.0028431664767620823,
    "T": 0.0,
    "R": 1.4444265030277847e-05,
    "r": 1.0244316506202722e-10
  }
}